Train_R2,Train_MAE,Train_RMSE,Test_R2,Test_MAE,Test_RMSE
0.34990650997757294,6.225085679267415,8.105051701644816,0.3743418153067671,8.324856677986014,10.774793959607779
