NtotDose,PtotDose,KtotDose,Output,Target
154.40339577617124,81.54881438915618,11.075110292294994,32.16700142045518,Yield
